22.7,23.2,0.00,39.0,39.0,0.00,2017-05-12 09:43:43,
22.7,23.2,0.00,39.0,39.0,0.00,2017-05-12 09:43:45,
22.7,23.2,0.00,39.0,39.0,0.00,2017-05-12 09:43:47,
22.7,23.2,0.00,39.0,39.0,0.00,2017-05-12 09:43:49,
22.7,23.2,0.00,39.0,39.0,0.00,2017-05-12 09:43:51,
22.7,23.2,0.00,39.0,39.0,0.00,2017-05-12 09:43:53,
22.7,23.2,0.00,39.0,39.0,0.00,2017-05-12 09:43:55,
22.7,23.2,0.00,39.0,39.0,0.00,2017-05-12 09:43:57,
22.7,23.2,0.00,39.0,38.0,0.00,2017-05-12 09:43:59,
22.7,23.2,0.00,39.0,38.0,0.00,2017-05-12 09:44:01,
22.7,23.2,0.00,39.0,38.0,0.00,2017-05-12 09:44:03,
22.7,23.2,0.00,39.0,38.0,0.00,2017-05-12 09:44:05,
22.7,23.2,0.00,39.0,38.0,0.00,2017-05-12 09:44:07,
22.7,23.2,0.00,39.0,38.0,0.00,2017-05-12 09:44:09,
22.7,23.2,0.00,39.0,38.0,0.00,2017-05-12 09:44:11,
22.7,23.2,0.00,39.0,38.0,0.00,2017-05-12 09:44:13,
22.7,23.2,0.00,39.0,38.0,0.00,2017-05-12 09:44:15,
22.7,23.2,0.00,39.0,38.0,0.00,2017-05-12 09:44:17,
22.7,23.2,0.00,39.0,38.0,0.00,2017-05-12 09:44:19,
22.7,23.2,0.00,39.0,38.0,0.00,2017-05-12 09:44:21,
22.7,23.2,0.00,39.0,38.0,0.00,2017-05-12 09:44:23,
22.7,23.2,0.00,39.0,38.0,0.00,2017-05-12 09:44:26,
22.7,23.2,0.00,39.0,38.0,0.00,2017-05-12 09:44:28,
22.7,23.2,0.00,39.0,38.0,0.00,2017-05-12 09:44:30,
22.7,23.2,0.00,39.0,38.0,0.00,2017-05-12 09:44:32,
22.7,23.2,0.00,39.0,38.0,0.00,2017-05-12 09:44:34,
22.7,23.2,0.00,39.0,38.0,0.00,2017-05-12 09:44:36,
22.7,23.2,0.00,39.0,38.0,0.00,2017-05-12 09:44:38,
22.7,23.2,0.00,39.0,38.0,0.00,2017-05-12 09:44:40,
22.7,23.2,0.00,39.0,38.0,0.00,2017-05-12 09:44:42,
22.7,23.2,0.00,39.0,38.0,0.00,2017-05-12 09:44:44,
22.7,23.2,0.00,39.0,38.0,0.00,2017-05-12 09:44:46,
22.7,23.2,0.00,39.0,38.0,0.00,2017-05-12 09:44:48,
22.7,23.2,0.00,39.0,38.0,0.00,2017-05-12 09:44:50,
22.7,23.2,0.00,39.0,38.0,0.00,2017-05-12 09:44:52,
22.7,23.2,0.00,39.0,38.0,0.00,2017-05-12 09:44:54,
22.7,23.2,0.00,39.0,38.0,0.00,2017-05-12 09:44:56,
22.7,23.2,0.00,39.0,38.0,0.00,2017-05-12 09:44:58,
22.7,23.2,0.00,39.0,38.0,0.00,2017-05-12 09:45:00,
22.7,23.2,0.00,39.0,38.0,0.00,2017-05-12 09:45:02,
22.7,23.2,0.00,39.0,39.0,0.00,2017-05-12 09:45:04,
22.7,23.2,0.00,39.0,39.0,0.00,2017-05-12 09:45:06,
22.7,23.2,0.00,39.0,39.0,0.00,2017-05-12 09:45:08,
22.7,23.2,0.00,39.0,39.0,0.00,2017-05-12 09:45:10,
22.7,23.2,0.00,39.0,39.0,0.00,2017-05-12 09:45:12,
22.7,23.2,0.00,39.0,39.0,0.00,2017-05-12 09:45:14,
22.9,23.2,0.00,41.0,39.0,0.00,2017-05-12 09:45:16,
22.9,23.2,0.00,41.0,39.0,0.00,2017-05-12 09:45:18,
22.9,23.2,0.00,41.0,39.0,0.00,2017-05-12 09:45:20,
22.9,23.2,0.00,41.0,39.0,0.00,2017-05-12 09:45:22,
22.9,23.2,0.00,41.0,39.0,0.00,2017-05-12 09:45:24,
22.9,23.2,0.00,41.0,39.0,0.00,2017-05-12 09:45:26,
22.9,23.2,0.00,41.0,39.0,0.00,2017-05-12 09:45:28,
22.9,23.2,0.00,41.0,39.0,0.00,2017-05-12 09:45:30,
23.0,23.2,0.00,39.0,39.0,0.00,2017-05-12 09:45:32,
23.0,23.2,0.00,39.0,39.0,0.00,2017-05-12 09:45:34,
23.0,23.2,0.00,39.0,38.0,0.00,2017-05-12 09:45:36,
23.0,23.2,0.00,39.0,38.0,0.00,2017-05-12 09:45:38,
23.0,23.2,0.00,39.0,38.0,0.00,2017-05-12 09:45:40,
23.0,23.2,0.00,39.0,38.0,0.00,2017-05-12 09:45:42,
23.0,23.2,0.00,39.0,38.0,0.00,2017-05-12 09:45:44,
23.0,23.2,0.00,39.0,38.0,0.00,2017-05-12 09:45:46,
23.0,23.2,0.00,39.0,38.0,0.00,2017-05-12 09:45:48,
23.0,23.2,0.00,39.0,38.0,0.00,2017-05-12 09:45:50,
23.0,23.2,0.00,39.0,38.0,0.00,2017-05-12 09:45:52,
23.0,23.2,0.00,39.0,38.0,0.00,2017-05-12 09:45:54,
23.0,23.2,0.00,39.0,38.0,0.00,2017-05-12 09:45:56,
23.0,23.2,0.00,39.0,38.0,0.00,2017-05-12 09:45:58,
23.0,23.2,0.00,39.0,38.0,0.00,2017-05-12 09:46:00,
23.0,23.2,0.00,39.0,38.0,0.00,2017-05-12 09:46:02,
23.0,23.2,0.00,39.0,38.0,0.00,2017-05-12 09:46:04,
23.0,23.2,0.00,39.0,38.0,0.00,2017-05-12 09:46:06,
23.0,23.4,0.00,39.0,38.0,0.00,2017-05-12 09:46:08,
23.0,23.4,0.00,39.0,38.0,0.00,2017-05-12 09:46:10,
23.0,23.4,0.00,39.0,38.0,0.00,2017-05-12 09:46:12,
23.0,23.4,0.00,39.0,38.0,0.00,2017-05-12 09:46:14,
23.0,23.4,0.00,39.0,38.0,0.00,2017-05-12 09:46:16,
23.0,23.4,0.00,39.0,38.0,0.00,2017-05-12 09:46:18,
23.0,23.4,0.00,38.0,38.0,0.00,2017-05-12 09:46:21,
23.0,23.4,0.00,38.0,38.0,0.00,2017-05-12 09:46:23,
23.0,23.4,0.00,38.0,38.0,0.00,2017-05-12 09:46:25,
23.0,23.4,0.00,38.0,38.0,0.00,2017-05-12 09:46:27,
23.0,23.4,0.00,38.0,38.0,0.00,2017-05-12 09:46:29,
23.0,23.4,0.00,38.0,38.0,0.00,2017-05-12 09:46:31,
23.0,23.4,0.00,38.0,38.0,0.00,2017-05-12 09:46:33,
23.0,23.4,0.00,38.0,38.0,0.00,2017-05-12 09:46:35,
23.0,23.4,0.00,38.0,38.0,0.00,2017-05-12 09:46:37,
23.0,23.4,0.00,38.0,38.0,0.00,2017-05-12 09:46:39,
23.0,23.4,0.00,38.0,38.0,0.00,2017-05-12 09:46:41,
23.0,23.4,0.00,38.0,38.0,0.00,2017-05-12 09:46:43,
23.0,23.4,0.00,38.0,38.0,0.00,2017-05-12 09:46:45,
23.0,23.4,0.00,38.0,38.0,0.00,2017-05-12 09:46:47,
23.0,23.4,0.00,38.0,38.0,0.00,2017-05-12 09:46:49,
23.0,23.4,0.00,38.0,38.0,0.00,2017-05-12 09:46:51,
23.0,23.4,0.00,38.0,38.0,0.00,2017-05-12 09:46:53,
23.0,23.4,0.00,38.0,38.0,0.00,2017-05-12 09:46:55,
23.0,23.4,0.00,38.0,38.0,0.00,2017-05-12 09:46:57,
23.0,23.4,0.00,38.0,38.0,0.00,2017-05-12 09:46:59,
23.0,23.4,0.00,38.0,38.0,0.00,2017-05-12 09:47:01,
23.0,23.4,0.00,38.0,38.0,0.00,2017-05-12 09:47:03,
23.0,23.4,0.00,38.0,38.0,0.00,2017-05-12 09:47:05,
23.0,23.4,0.00,38.0,38.0,0.00,2017-05-12 09:47:07,
23.0,23.4,0.00,38.0,38.0,0.00,2017-05-12 09:47:09,
23.0,23.4,0.00,38.0,38.0,0.00,2017-05-12 09:47:11,
23.0,23.4,0.00,38.0,37.0,0.00,2017-05-12 09:47:13,
23.0,23.4,0.00,38.0,37.0,0.00,2017-05-12 09:47:15,
23.0,23.4,0.00,38.0,37.0,0.00,2017-05-12 09:47:17,
23.0,23.4,0.00,38.0,37.0,0.00,2017-05-12 09:47:19,
23.0,23.4,0.00,38.0,37.0,0.00,2017-05-12 09:47:21,
23.0,23.4,0.00,38.0,37.0,0.00,2017-05-12 09:47:23,
23.0,23.4,0.00,38.0,37.0,0.00,2017-05-12 09:47:25,
23.0,23.4,0.00,38.0,37.0,0.00,2017-05-12 09:47:27,
23.0,23.5,0.00,38.0,38.0,0.00,2017-05-12 09:47:29,
23.0,23.5,0.00,38.0,38.0,0.00,2017-05-12 09:47:31,
23.0,23.5,0.00,38.0,38.0,0.00,2017-05-12 09:47:33,
23.0,23.5,0.00,38.0,38.0,0.00,2017-05-12 09:47:35,
23.0,23.5,0.00,38.0,38.0,0.00,2017-05-12 09:47:37,
23.0,23.5,0.00,38.0,38.0,0.00,2017-05-12 09:47:39,
23.0,23.5,0.00,38.0,38.0,0.00,2017-05-12 09:47:41,
23.0,23.5,0.00,38.0,38.0,0.00,2017-05-12 09:47:43,
23.0,23.4,0.00,38.0,38.0,0.00,2017-05-12 09:47:45,
23.0,23.4,0.00,38.0,38.0,0.00,2017-05-12 09:47:47,
23.0,23.4,0.00,38.0,38.0,0.00,2017-05-12 09:47:49,
23.0,23.4,0.00,38.0,38.0,0.00,2017-05-12 09:47:51,
23.0,23.4,0.00,38.0,38.0,0.00,2017-05-12 09:47:53,
23.0,23.4,0.00,38.0,38.0,0.00,2017-05-12 09:47:55,
23.0,23.4,0.00,38.0,38.0,0.00,2017-05-12 09:47:57,
23.0,23.4,0.00,38.0,38.0,0.00,2017-05-12 09:47:59,
23.0,23.5,0.00,38.0,38.0,0.00,2017-05-12 09:48:01,
23.0,23.5,0.00,38.0,38.0,0.00,2017-05-12 09:48:03,
23.0,23.5,0.00,38.0,38.0,0.00,2017-05-12 09:48:05,
23.0,23.5,0.00,38.0,38.0,0.00,2017-05-12 09:48:08,
23.0,23.5,0.00,38.0,38.0,0.00,2017-05-12 09:48:10,
23.0,23.5,0.00,38.0,38.0,0.00,2017-05-12 09:48:12,
23.0,23.5,0.00,38.0,38.0,0.00,2017-05-12 09:48:14,
23.0,23.5,0.00,38.0,38.0,0.00,2017-05-12 09:48:16,
23.0,23.5,0.00,38.0,38.0,0.00,2017-05-12 09:48:18,
23.0,23.5,0.00,38.0,38.0,0.00,2017-05-12 09:48:20,
23.0,23.5,0.00,38.0,38.0,0.00,2017-05-12 09:48:22,
23.0,23.5,0.00,38.0,38.0,0.00,2017-05-12 09:48:24,
23.0,23.5,0.00,38.0,38.0,0.00,2017-05-12 09:48:26,
23.0,23.5,0.00,38.0,38.0,0.00,2017-05-12 09:48:28,
23.0,23.5,0.00,38.0,38.0,0.00,2017-05-12 09:48:30,
23.0,23.5,0.00,38.0,38.0,0.00,2017-05-12 09:48:32,
23.0,23.5,0.00,38.0,38.0,0.00,2017-05-12 09:48:34,
23.0,23.5,0.00,38.0,38.0,0.00,2017-05-12 09:48:36,
23.0,23.5,0.00,38.0,38.0,0.00,2017-05-12 09:48:38,
23.0,23.5,0.00,38.0,38.0,0.00,2017-05-12 09:48:40,
23.0,23.5,0.00,38.0,38.0,0.00,2017-05-12 09:48:42,
23.1,23.5,0.00,38.0,38.0,0.00,2017-05-12 09:48:44,
23.1,23.5,0.00,38.0,38.0,0.00,2017-05-12 09:48:46,
23.1,23.5,0.00,38.0,38.0,0.00,2017-05-12 09:48:48,
23.1,23.5,0.00,38.0,38.0,0.00,2017-05-12 09:48:50,
23.1,23.5,0.00,38.0,38.0,0.00,2017-05-12 09:48:52,
23.1,23.5,0.00,38.0,38.0,0.00,2017-05-12 09:48:54,
23.1,23.5,0.00,38.0,38.0,0.00,2017-05-12 09:48:56,
23.1,23.5,0.00,38.0,38.0,0.00,2017-05-12 09:48:58,
23.1,23.5,0.00,38.0,38.0,0.00,2017-05-12 09:49:00,
23.1,23.5,0.00,38.0,38.0,0.00,2017-05-12 09:49:02,
23.1,23.5,0.00,38.0,38.0,0.00,2017-05-12 09:49:04,
23.1,23.5,0.00,38.0,38.0,0.00,2017-05-12 09:49:06,
23.1,23.5,0.00,38.0,38.0,0.00,2017-05-12 09:49:08,
23.1,23.5,0.00,38.0,38.0,0.00,2017-05-12 09:49:10,
23.1,23.5,0.00,38.0,38.0,0.00,2017-05-12 09:49:12,
23.1,23.5,0.00,38.0,38.0,0.00,2017-05-12 09:49:14,
23.1,23.5,0.00,38.0,38.0,0.00,2017-05-12 09:49:16,
23.1,23.5,0.00,38.0,38.0,0.00,2017-05-12 09:49:18,
23.1,23.5,0.00,38.0,38.0,0.00,2017-05-12 09:49:20,
23.1,23.5,0.00,38.0,38.0,0.00,2017-05-12 09:49:22,
23.1,23.5,0.00,38.0,38.0,0.00,2017-05-12 09:49:24,
23.1,23.5,0.00,38.0,38.0,0.00,2017-05-12 09:49:26,
23.1,23.5,0.00,38.0,38.0,0.00,2017-05-12 09:49:28,
23.1,23.5,0.00,38.0,38.0,0.00,2017-05-12 09:49:30,
23.1,23.5,0.00,38.0,38.0,0.00,2017-05-12 09:49:32,
23.1,23.5,0.00,38.0,38.0,0.00,2017-05-12 09:49:34,
23.1,23.5,0.00,38.0,38.0,0.00,2017-05-12 09:49:36,
23.1,23.6,0.00,38.0,38.0,0.00,2017-05-12 09:49:38,
23.1,23.6,0.00,38.0,38.0,0.00,2017-05-12 09:49:40,
23.1,23.6,0.00,38.0,38.0,0.00,2017-05-12 09:49:42,
23.1,23.6,0.00,38.0,38.0,0.00,2017-05-12 09:49:44,
23.1,23.6,0.00,38.0,38.0,0.00,2017-05-12 09:49:46,
23.1,23.6,0.00,38.0,38.0,0.00,2017-05-12 09:49:49,
23.1,23.6,0.00,38.0,38.0,0.00,2017-05-12 09:49:51,
23.1,23.6,0.00,38.0,38.0,0.00,2017-05-12 09:49:53,
23.1,23.6,0.00,38.0,38.0,0.00,2017-05-12 09:49:55,
23.1,23.6,0.00,38.0,38.0,0.00,2017-05-12 09:49:57,
23.1,23.6,0.00,38.0,38.0,0.00,2017-05-12 09:49:59,
23.1,23.6,0.00,38.0,38.0,0.00,2017-05-12 09:50:01,
23.1,23.6,0.00,38.0,38.0,0.00,2017-05-12 09:50:03,
23.1,23.6,0.00,38.0,38.0,0.00,2017-05-12 09:50:05,
23.1,23.6,0.00,38.0,38.0,0.00,2017-05-12 09:50:07,
23.1,23.6,0.00,38.0,38.0,0.00,2017-05-12 09:50:09,
23.1,23.6,0.00,38.0,38.0,0.00,2017-05-12 09:50:11,
23.1,23.6,0.00,38.0,38.0,0.00,2017-05-12 09:50:13,
23.1,23.6,0.00,38.0,38.0,0.00,2017-05-12 09:50:15,
23.1,23.6,0.00,38.0,38.0,0.00,2017-05-12 09:50:17,
23.1,23.6,0.00,38.0,38.0,0.00,2017-05-12 09:50:19,
23.1,23.6,0.00,38.0,38.0,0.00,2017-05-12 09:50:21,
23.1,23.6,0.00,38.0,38.0,0.00,2017-05-12 09:50:23,
23.1,23.6,0.00,38.0,38.0,0.00,2017-05-12 09:50:25,
23.1,23.6,0.00,38.0,38.0,0.00,2017-05-12 09:50:27,
23.1,23.6,0.00,38.0,38.0,0.00,2017-05-12 09:50:29,
23.1,23.6,0.00,38.0,38.0,0.00,2017-05-12 09:50:31,
23.1,23.6,0.00,38.0,38.0,0.00,2017-05-12 09:50:33,
23.1,23.6,0.00,38.0,38.0,0.00,2017-05-12 09:50:35,
23.1,23.6,0.00,38.0,38.0,0.00,2017-05-12 09:50:37,
23.1,23.6,0.00,38.0,38.0,0.00,2017-05-12 09:50:39,
23.1,23.6,0.00,38.0,38.0,0.00,2017-05-12 09:50:41,
23.1,23.6,0.00,38.0,38.0,0.00,2017-05-12 09:50:43,
23.1,23.6,0.00,38.0,38.0,0.00,2017-05-12 09:50:45,
23.1,23.6,0.00,38.0,38.0,0.00,2017-05-12 09:50:47,
23.1,23.6,0.00,38.0,38.0,0.00,2017-05-12 09:50:49,
23.1,23.6,0.00,38.0,38.0,0.00,2017-05-12 09:50:51,
23.2,23.6,0.00,38.0,38.0,0.00,2017-05-12 09:50:53,
23.2,23.6,0.00,38.0,38.0,0.00,2017-05-12 09:50:55,
23.2,23.6,0.00,38.0,38.0,0.00,2017-05-12 09:50:57,
23.2,23.6,0.00,38.0,37.0,0.00,2017-05-12 09:50:59,
23.2,23.6,0.00,38.0,37.0,0.00,2017-05-12 09:51:01,
23.2,23.6,0.00,38.0,37.0,0.00,2017-05-12 09:51:03,
23.2,23.6,0.00,38.0,37.0,0.00,2017-05-12 09:51:05,
23.2,23.6,0.00,38.0,37.0,0.00,2017-05-12 09:51:07,
23.2,23.6,0.00,39.0,37.0,0.00,2017-05-12 09:51:09,
23.2,23.6,0.00,39.0,37.0,0.00,2017-05-12 09:51:11,
23.2,23.6,0.00,39.0,37.0,0.00,2017-05-12 09:51:13,
23.2,23.7,0.00,39.0,39.0,0.00,2017-05-12 09:51:15,
23.2,23.7,0.00,39.0,39.0,0.00,2017-05-12 09:51:17,
23.2,23.7,0.00,39.0,39.0,0.00,2017-05-12 09:51:19,
23.2,23.7,0.00,39.0,39.0,0.00,2017-05-12 09:51:21,
23.2,23.7,0.00,39.0,39.0,0.00,2017-05-12 09:51:23,
23.2,23.7,0.00,38.0,39.0,0.00,2017-05-12 09:51:25,
23.2,23.7,0.00,38.0,39.0,0.00,2017-05-12 09:51:27,
23.2,23.7,0.00,38.0,39.0,0.00,2017-05-12 09:51:29,
23.2,23.6,0.00,38.0,40.0,0.00,2017-05-12 09:51:31,
23.2,23.6,0.00,38.0,40.0,0.00,2017-05-12 09:51:33,
23.2,23.6,0.00,38.0,40.0,0.00,2017-05-12 09:51:35,
23.2,23.6,0.00,38.0,40.0,0.00,2017-05-12 09:51:37,
23.2,23.6,0.00,38.0,40.0,0.00,2017-05-12 09:51:40,
23.2,23.6,0.00,38.0,40.0,0.00,2017-05-12 09:51:42,
23.2,23.6,0.00,38.0,40.0,0.00,2017-05-12 09:51:44,
23.2,23.6,0.00,38.0,40.0,0.00,2017-05-12 09:51:46,
23.2,23.6,0.00,38.0,38.0,0.00,2017-05-12 09:51:48,
23.2,23.6,0.00,38.0,38.0,0.00,2017-05-12 09:51:50,
23.2,23.6,0.00,38.0,38.0,0.00,2017-05-12 09:51:52,
23.2,23.6,0.00,38.0,38.0,0.00,2017-05-12 09:51:54,
23.2,23.6,0.00,38.0,38.0,0.00,2017-05-12 09:51:56,
23.2,23.6,0.00,38.0,38.0,0.00,2017-05-12 09:51:58,
23.2,23.6,0.00,38.0,38.0,0.00,2017-05-12 09:52:00,
23.2,23.6,0.00,38.0,38.0,0.00,2017-05-12 09:52:02,
23.2,23.6,0.00,38.0,38.0,0.00,2017-05-12 09:52:04,
23.2,23.6,0.00,38.0,38.0,0.00,2017-05-12 09:52:06,
23.2,23.6,0.00,38.0,38.0,0.00,2017-05-12 09:52:08,
23.2,23.6,0.00,38.0,38.0,0.00,2017-05-12 09:52:10,
23.2,23.6,0.00,38.0,38.0,0.00,2017-05-12 09:52:12,
23.2,23.6,0.00,38.0,38.0,0.00,2017-05-12 09:52:14,
23.2,23.6,0.00,38.0,38.0,0.00,2017-05-12 09:52:16,
23.2,23.6,0.00,38.0,38.0,0.00,2017-05-12 09:52:18,
23.2,23.5,0.00,38.0,38.0,0.00,2017-05-12 09:52:20,
23.2,23.5,0.00,38.0,38.0,0.00,2017-05-12 09:52:22,
23.2,23.5,0.00,38.0,38.0,0.00,2017-05-12 09:52:24,
23.2,23.5,0.00,38.0,38.0,0.00,2017-05-12 09:52:26,
23.2,23.5,0.00,38.0,38.0,0.00,2017-05-12 09:52:28,
23.2,23.5,0.00,38.0,38.0,0.00,2017-05-12 09:52:30,
23.2,23.5,0.00,38.0,38.0,0.00,2017-05-12 09:52:32,
23.2,23.5,0.00,38.0,38.0,0.00,2017-05-12 09:52:34,
23.2,23.6,0.00,38.0,39.0,0.00,2017-05-12 09:52:36,
23.2,23.6,0.00,38.0,39.0,0.00,2017-05-12 09:52:38,
23.2,23.6,0.00,38.0,39.0,0.00,2017-05-12 09:52:40,
23.2,23.6,0.00,38.0,39.0,0.00,2017-05-12 09:52:42,
23.2,23.6,0.00,38.0,39.0,0.00,2017-05-12 09:52:44,
23.2,23.6,0.00,38.0,39.0,0.00,2017-05-12 09:52:46,
23.2,23.6,0.00,38.0,39.0,0.00,2017-05-12 09:52:48,
23.2,23.6,0.00,38.0,39.0,0.00,2017-05-12 09:52:50,
23.2,23.6,0.00,38.0,38.0,0.00,2017-05-12 09:52:52,
23.2,23.6,0.00,38.0,38.0,0.00,2017-05-12 09:52:54,
23.2,23.6,0.00,38.0,38.0,0.00,2017-05-12 09:52:56,
23.2,23.6,0.00,38.0,38.0,0.00,2017-05-12 09:52:58,
23.2,23.6,0.00,38.0,38.0,0.00,2017-05-12 09:53:00,
23.2,23.6,0.00,38.0,38.0,0.00,2017-05-12 09:53:02,
23.2,23.6,0.00,38.0,38.0,0.00,2017-05-12 09:53:04,
23.2,23.6,0.00,38.0,38.0,0.00,2017-05-12 09:53:06,
23.2,23.6,0.00,38.0,38.0,0.00,2017-05-12 09:53:08,
23.2,23.6,0.00,38.0,38.0,0.00,2017-05-12 09:53:10,
23.2,23.6,0.00,38.0,38.0,0.00,2017-05-12 09:53:12,
23.2,23.6,0.00,38.0,38.0,0.00,2017-05-12 09:53:14,
23.2,23.6,0.00,38.0,38.0,0.00,2017-05-12 09:53:16,
23.2,23.6,0.00,38.0,38.0,0.00,2017-05-12 09:53:18,
23.2,23.6,0.00,38.0,38.0,0.00,2017-05-12 09:53:20,
23.2,23.6,0.00,38.0,38.0,0.00,2017-05-12 09:53:22,
23.2,23.6,0.00,38.0,38.0,0.00,2017-05-12 09:53:24,
23.2,23.6,0.00,38.0,38.0,0.00,2017-05-12 09:53:26,
23.2,23.6,0.00,38.0,38.0,0.00,2017-05-12 09:53:28,
23.2,23.6,0.00,38.0,38.0,0.00,2017-05-12 09:53:30,
23.2,23.6,0.00,38.0,38.0,0.00,2017-05-12 09:53:32,
23.2,23.6,0.00,38.0,38.0,0.00,2017-05-12 09:53:35,
23.2,23.6,0.00,38.0,38.0,0.00,2017-05-12 09:53:37,
23.2,23.6,0.00,38.0,38.0,0.00,2017-05-12 09:53:39,
23.2,23.6,0.00,38.0,37.0,0.00,2017-05-12 09:53:41,
23.2,23.6,0.00,38.0,37.0,0.00,2017-05-12 09:53:43,
23.2,23.6,0.00,38.0,37.0,0.00,2017-05-12 09:53:45,
23.2,23.6,0.00,38.0,37.0,0.00,2017-05-12 09:53:47,
23.2,23.6,0.00,38.0,37.0,0.00,2017-05-12 09:53:49,
23.2,23.6,0.00,38.0,37.0,0.00,2017-05-12 09:53:51,
23.2,23.6,0.00,38.0,37.0,0.00,2017-05-12 09:53:53,
23.2,23.6,0.00,38.0,37.0,0.00,2017-05-12 09:53:55,
23.2,23.7,0.00,38.0,37.0,0.00,2017-05-12 09:53:57,
23.2,23.7,0.00,38.0,37.0,0.00,2017-05-12 09:53:59,
23.2,23.7,0.00,38.0,37.0,0.00,2017-05-12 09:54:01,
23.2,23.7,0.00,38.0,37.0,0.00,2017-05-12 09:54:03,
23.2,23.7,0.00,38.0,37.0,0.00,2017-05-12 09:54:05,
23.2,23.7,0.00,38.0,37.0,0.00,2017-05-12 09:54:07,
23.2,23.7,0.00,38.0,37.0,0.00,2017-05-12 09:54:09,
23.2,23.7,0.00,38.0,37.0,0.00,2017-05-12 09:54:11,
23.2,23.7,0.00,38.0,37.0,0.00,2017-05-12 09:54:13,
23.2,23.7,0.00,38.0,37.0,0.00,2017-05-12 09:54:15,
23.2,23.7,0.00,38.0,37.0,0.00,2017-05-12 09:54:17,
23.2,23.7,0.00,38.0,37.0,0.00,2017-05-12 09:54:19,
23.2,23.7,0.00,38.0,37.0,0.00,2017-05-12 09:54:21,
23.2,23.7,0.00,38.0,37.0,0.00,2017-05-12 09:54:23,
23.2,23.7,0.00,38.0,37.0,0.00,2017-05-12 09:54:25,
23.2,23.7,0.00,38.0,37.0,0.00,2017-05-12 09:54:27,
23.2,23.7,0.00,38.0,37.0,0.00,2017-05-12 09:54:29,
23.2,23.7,0.00,38.0,37.0,0.00,2017-05-12 09:54:31,
23.2,23.7,0.00,38.0,37.0,0.00,2017-05-12 09:54:33,
23.2,23.7,0.00,38.0,37.0,0.00,2017-05-12 09:54:35,
23.2,23.7,0.00,38.0,37.0,0.00,2017-05-12 09:54:37,
23.2,23.7,0.00,38.0,37.0,0.00,2017-05-12 09:54:39,
23.2,23.7,0.00,38.0,37.0,0.00,2017-05-12 09:54:41,
23.2,23.7,0.00,38.0,37.0,0.00,2017-05-12 09:54:43,
23.2,23.7,0.00,38.0,38.0,0.00,2017-05-12 09:54:45,
23.2,23.7,0.00,38.0,38.0,0.00,2017-05-12 09:54:47,
23.2,23.7,0.00,38.0,38.0,0.00,2017-05-12 09:54:49,
23.2,23.7,0.00,38.0,38.0,0.00,2017-05-12 09:54:51,
23.2,23.7,0.00,38.0,38.0,0.00,2017-05-12 09:54:53,
23.2,23.7,0.00,38.0,38.0,0.00,2017-05-12 09:54:55,
23.2,23.7,0.00,38.0,38.0,0.00,2017-05-12 09:54:57,
23.2,23.7,0.00,38.0,38.0,0.00,2017-05-12 09:54:59,
23.2,23.7,0.00,38.0,37.0,0.00,2017-05-12 09:55:01,
23.2,23.7,0.00,38.0,37.0,0.00,2017-05-12 09:55:03,
23.2,23.7,0.00,38.0,37.0,0.00,2017-05-12 09:55:05,
23.2,23.7,0.00,38.0,37.0,0.00,2017-05-12 09:55:07,
23.2,23.7,0.00,38.0,37.0,0.00,2017-05-12 09:55:09,
23.2,23.7,0.00,38.0,37.0,0.00,2017-05-12 09:55:11,
23.2,23.7,0.00,38.0,37.0,0.00,2017-05-12 09:55:13,
23.2,23.7,0.00,38.0,37.0,0.00,2017-05-12 09:55:15,
23.2,23.7,0.00,38.0,37.0,0.00,2017-05-12 09:55:17,
23.2,23.7,0.00,38.0,37.0,0.00,2017-05-12 09:55:19,
23.2,23.7,0.00,38.0,37.0,0.00,2017-05-12 09:55:21,
23.2,23.7,0.00,38.0,37.0,0.00,2017-05-12 09:55:23,
23.2,23.7,0.00,38.0,37.0,0.00,2017-05-12 09:55:25,
23.2,23.7,0.00,38.0,37.0,0.00,2017-05-12 09:55:27,
23.2,23.7,0.00,38.0,37.0,0.00,2017-05-12 09:55:29,
23.2,23.7,0.00,38.0,37.0,0.00,2017-05-12 09:55:32,
23.2,23.7,0.00,38.0,38.0,0.00,2017-05-12 09:55:34,
23.2,23.7,0.00,38.0,38.0,0.00,2017-05-12 09:55:36,
23.2,23.7,0.00,38.0,38.0,0.00,2017-05-12 09:55:38,
23.2,23.7,0.00,38.0,38.0,0.00,2017-05-12 09:55:40,
23.2,23.7,0.00,38.0,38.0,0.00,2017-05-12 09:55:42,
23.2,23.7,0.00,38.0,38.0,0.00,2017-05-12 09:55:44,
23.2,23.7,0.00,38.0,38.0,0.00,2017-05-12 09:55:46,
23.2,23.7,0.00,38.0,38.0,0.00,2017-05-12 09:55:48,
23.2,23.7,0.00,38.0,37.0,0.00,2017-05-12 09:55:50,
23.2,23.7,0.00,38.0,37.0,0.00,2017-05-12 09:55:52,
23.2,23.7,0.00,38.0,37.0,0.00,2017-05-12 09:55:54,
23.2,23.7,0.00,38.0,37.0,0.00,2017-05-12 09:55:56,
23.2,23.7,0.00,38.0,37.0,0.00,2017-05-12 09:55:58,
23.2,23.7,0.00,38.0,37.0,0.00,2017-05-12 09:56:00,
23.2,23.7,0.00,38.0,37.0,0.00,2017-05-12 09:56:02,
23.2,23.7,0.00,38.0,37.0,0.00,2017-05-12 09:56:04,
23.2,23.7,0.00,38.0,38.0,0.00,2017-05-12 09:56:06,
23.2,23.7,0.00,38.0,38.0,0.00,2017-05-12 09:56:08,
23.2,23.7,0.00,38.0,38.0,0.00,2017-05-12 09:56:10,
23.2,23.7,0.00,38.0,38.0,0.00,2017-05-12 09:56:12,
23.2,23.7,0.00,38.0,38.0,0.00,2017-05-12 09:56:14,
23.2,23.7,0.00,38.0,38.0,0.00,2017-05-12 09:56:16,
23.2,23.7,0.00,38.0,38.0,0.00,2017-05-12 09:56:18,
23.2,23.7,0.00,38.0,38.0,0.00,2017-05-12 09:56:20,
23.2,23.7,0.00,38.0,37.0,0.00,2017-05-12 09:56:22,
23.2,23.7,0.00,38.0,37.0,0.00,2017-05-12 09:56:24,
23.2,23.7,0.00,38.0,37.0,0.00,2017-05-12 09:56:26,
23.2,23.7,0.00,38.0,37.0,0.00,2017-05-12 09:56:28,
23.2,23.7,0.00,38.0,37.0,0.00,2017-05-12 09:56:30,
23.2,23.7,0.00,38.0,37.0,0.00,2017-05-12 09:56:32,
23.2,23.7,0.00,38.0,37.0,0.00,2017-05-12 09:56:34,
23.2,23.7,0.00,38.0,37.0,0.00,2017-05-12 09:56:36,
23.2,23.7,0.00,38.0,37.0,0.00,2017-05-12 09:56:38,
23.2,23.7,0.00,38.0,37.0,0.00,2017-05-12 09:56:40,
23.2,23.7,0.00,38.0,37.0,0.00,2017-05-12 09:56:42,
23.2,23.7,0.00,38.0,37.0,0.00,2017-05-12 09:56:44,
23.2,23.7,0.00,38.0,37.0,0.00,2017-05-12 09:56:46,
23.2,23.7,0.00,38.0,37.0,0.00,2017-05-12 09:56:48,
23.2,23.7,0.00,38.0,37.0,0.00,2017-05-12 09:56:50,
23.2,23.7,0.00,38.0,37.0,0.00,2017-05-12 09:56:52,
23.2,23.7,0.00,38.0,37.0,0.00,2017-05-12 09:56:54,
23.2,23.7,0.00,38.0,37.0,0.00,2017-05-12 09:56:56,
23.2,23.7,0.00,38.0,37.0,0.00,2017-05-12 09:56:58,
23.2,23.7,0.00,38.0,37.0,0.00,2017-05-12 09:57:00,
23.2,23.7,0.00,38.0,37.0,0.00,2017-05-12 09:57:02,
23.2,23.7,0.00,38.0,37.0,0.00,2017-05-12 09:57:04,
23.2,23.7,0.00,38.0,37.0,0.00,2017-05-12 09:57:06,
23.2,23.7,0.00,38.0,37.0,0.00,2017-05-12 09:57:08,
23.2,23.7,0.00,38.0,37.0,0.00,2017-05-12 09:57:10,
23.2,23.7,0.00,38.0,37.0,0.00,2017-05-12 09:57:12,
23.2,23.7,0.00,38.0,37.0,0.00,2017-05-12 09:57:14,
23.2,23.7,0.00,38.0,37.0,0.00,2017-05-12 09:57:16,
23.2,23.7,0.00,38.0,37.0,0.00,2017-05-12 09:57:18,
23.2,23.7,0.00,38.0,37.0,0.00,2017-05-12 09:57:20,
23.2,23.7,0.00,38.0,37.0,0.00,2017-05-12 09:57:22,
23.2,23.7,0.00,38.0,37.0,0.00,2017-05-12 09:57:24,
23.2,23.7,0.00,38.0,37.0,0.00,2017-05-12 09:57:27,
23.2,23.7,0.00,38.0,37.0,0.00,2017-05-12 09:57:29,
23.2,23.7,0.00,38.0,37.0,0.00,2017-05-12 09:57:31,
23.2,23.7,0.00,38.0,37.0,0.00,2017-05-12 09:57:33,
23.2,23.7,0.00,38.0,37.0,0.00,2017-05-12 09:57:35,
23.4,23.7,0.00,38.0,37.0,0.00,2017-05-12 09:57:37,
23.4,23.7,0.00,38.0,37.0,0.00,2017-05-12 09:57:39,
23.4,23.7,0.00,38.0,37.0,0.00,2017-05-12 09:57:41,
23.4,23.9,0.00,38.0,37.0,0.00,2017-05-12 09:57:43,
23.4,23.9,0.00,38.0,37.0,0.00,2017-05-12 09:57:45,
23.4,23.9,0.00,38.0,37.0,0.00,2017-05-12 09:57:47,
23.4,23.9,0.00,38.0,37.0,0.00,2017-05-12 09:57:49,
23.4,23.9,0.00,38.0,37.0,0.00,2017-05-12 09:57:51,
23.4,23.9,0.00,38.0,37.0,0.00,2017-05-12 09:57:53,
23.4,23.9,0.00,38.0,37.0,0.00,2017-05-12 09:57:55,
23.4,23.9,0.00,38.0,37.0,0.00,2017-05-12 09:57:57,
23.4,23.9,0.00,38.0,37.0,0.00,2017-05-12 09:57:59,
23.4,23.9,0.00,38.0,37.0,0.00,2017-05-12 09:58:01,
23.4,23.9,0.00,38.0,37.0,0.00,2017-05-12 09:58:03,
23.4,23.9,0.00,38.0,37.0,0.00,2017-05-12 09:58:05,
23.4,23.9,0.00,38.0,37.0,0.00,2017-05-12 09:58:07,
23.4,23.9,0.00,38.0,37.0,0.00,2017-05-12 09:58:09,
23.4,23.9,0.00,38.0,37.0,0.00,2017-05-12 09:58:11,
23.4,23.9,0.00,38.0,37.0,0.00,2017-05-12 09:58:13,
23.4,23.9,0.00,38.0,37.0,0.00,2017-05-12 09:58:15,
23.4,23.9,0.00,38.0,37.0,0.00,2017-05-12 09:58:17,
23.4,23.9,0.00,38.0,37.0,0.00,2017-05-12 09:58:19,
23.4,23.9,0.00,38.0,37.0,0.00,2017-05-12 09:58:21,
23.4,23.9,0.00,38.0,37.0,0.00,2017-05-12 09:58:24,
23.4,23.9,0.00,38.0,37.0,0.00,2017-05-12 09:58:26,
23.4,23.9,0.00,38.0,37.0,0.00,2017-05-12 09:58:28,
23.4,23.7,0.00,38.0,37.0,0.00,2017-05-12 09:58:30,
23.4,23.7,0.00,38.0,37.0,0.00,2017-05-12 09:58:32,
23.4,23.7,0.00,38.0,37.0,0.00,2017-05-12 09:58:34,
23.4,23.7,0.00,38.0,37.0,0.00,2017-05-12 09:58:36,
23.4,23.7,0.00,38.0,37.0,0.00,2017-05-12 09:58:38,
23.4,23.7,0.00,38.0,37.0,0.00,2017-05-12 09:58:40,
23.4,23.7,0.00,38.0,37.0,0.00,2017-05-12 09:58:42,
23.4,23.7,0.00,38.0,37.0,0.00,2017-05-12 09:58:44,
23.4,23.7,0.00,38.0,37.0,0.00,2017-05-12 09:58:46,
23.4,23.7,0.00,38.0,37.0,0.00,2017-05-12 09:58:48,
23.4,23.7,0.00,38.0,37.0,0.00,2017-05-12 09:58:50,
23.4,23.7,0.00,38.0,37.0,0.00,2017-05-12 09:58:52,
23.4,23.7,0.00,38.0,37.0,0.00,2017-05-12 09:58:54,
23.4,23.7,0.00,38.0,37.0,0.00,2017-05-12 09:58:56,
23.4,23.7,0.00,38.0,37.0,0.00,2017-05-12 09:58:58,
23.4,23.7,0.00,38.0,37.0,0.00,2017-05-12 09:59:00,
23.4,23.7,0.00,38.0,37.0,0.00,2017-05-12 09:59:02,
23.4,23.7,0.00,38.0,37.0,0.00,2017-05-12 09:59:04,
23.4,23.7,0.00,38.0,37.0,0.00,2017-05-12 09:59:06,
23.4,23.7,0.00,38.0,37.0,0.00,2017-05-12 09:59:08,
23.4,23.7,0.00,38.0,37.0,0.00,2017-05-12 09:59:10,
23.4,23.7,0.00,38.0,37.0,0.00,2017-05-12 09:59:12,
23.4,23.7,0.00,38.0,37.0,0.00,2017-05-12 09:59:14,
23.4,23.7,0.00,38.0,37.0,0.00,2017-05-12 09:59:16,
23.4,23.9,0.00,38.0,37.0,0.00,2017-05-12 09:59:18,
23.4,23.9,0.00,38.0,37.0,0.00,2017-05-12 09:59:20,
23.4,23.9,0.00,38.0,37.0,0.00,2017-05-12 09:59:22,
23.4,23.9,0.00,38.0,37.0,0.00,2017-05-12 09:59:24,
23.4,23.9,0.00,38.0,37.0,0.00,2017-05-12 09:59:26,
23.4,23.9,0.00,38.0,37.0,0.00,2017-05-12 09:59:28,
23.4,23.9,0.00,38.0,37.0,0.00,2017-05-12 09:59:30,
23.4,23.9,0.00,38.0,37.0,0.00,2017-05-12 09:59:32,
23.4,23.9,0.00,38.0,37.0,0.00,2017-05-12 09:59:34,
23.4,23.9,0.00,38.0,37.0,0.00,2017-05-12 09:59:36,
23.4,23.9,0.00,38.0,37.0,0.00,2017-05-12 09:59:38,
23.4,23.9,0.00,38.0,37.0,0.00,2017-05-12 09:59:40,
23.4,23.9,0.00,38.0,37.0,0.00,2017-05-12 09:59:42,
23.4,23.9,0.00,38.0,37.0,0.00,2017-05-12 09:59:44,
23.4,23.9,0.00,40.0,37.0,0.00,2017-05-12 09:59:46,
23.4,23.9,0.00,40.0,37.0,0.00,2017-05-12 09:59:48,
23.4,24.0,0.00,40.0,39.0,0.00,2017-05-12 09:59:50,
23.4,24.0,0.00,40.0,39.0,0.00,2017-05-12 09:59:52,
23.4,24.0,0.00,40.0,39.0,0.00,2017-05-12 09:59:54,
23.4,24.0,0.00,40.0,39.0,0.00,2017-05-12 09:59:56,
23.4,24.0,0.00,40.0,39.0,0.00,2017-05-12 09:59:58,
23.4,24.0,0.00,40.0,39.0,0.00,2017-05-12 10:00:00,
23.5,24.0,0.00,38.0,39.0,0.00,2017-05-12 10:00:02,
23.5,24.0,0.00,38.0,39.0,0.00,2017-05-12 10:00:04,
23.5,24.0,0.00,38.0,37.0,0.00,2017-05-12 10:00:06,
23.5,24.0,0.00,38.0,37.0,0.00,2017-05-12 10:00:08,
23.5,24.0,0.00,38.0,37.0,0.00,2017-05-12 10:00:10,
23.5,24.0,0.00,38.0,37.0,0.00,2017-05-12 10:00:12,
23.5,24.0,0.00,38.0,37.0,0.00,2017-05-12 10:00:15,
23.5,24.0,0.00,38.0,37.0,0.00,2017-05-12 10:00:17,
23.5,24.0,0.00,38.0,37.0,0.00,2017-05-12 10:00:19,
23.5,24.0,0.00,38.0,37.0,0.00,2017-05-12 10:00:21,
23.5,24.0,0.00,38.0,37.0,0.00,2017-05-12 10:00:23,
23.5,24.0,0.00,38.0,37.0,0.00,2017-05-12 10:00:25,
23.5,24.0,0.00,38.0,37.0,0.00,2017-05-12 10:00:27,
23.5,24.0,0.00,38.0,37.0,0.00,2017-05-12 10:00:29,
23.5,24.0,0.00,38.0,37.0,0.00,2017-05-12 10:00:31,
23.5,24.0,0.00,38.0,37.0,0.00,2017-05-12 10:00:33,
23.5,24.0,0.00,38.0,37.0,0.00,2017-05-12 10:00:35,
23.5,24.0,0.00,38.0,37.0,0.00,2017-05-12 10:00:37,
23.5,24.0,0.00,38.0,37.0,0.00,2017-05-12 10:00:39,
23.5,24.0,0.00,38.0,37.0,0.00,2017-05-12 10:00:41,
23.5,24.0,0.00,38.0,37.0,0.00,2017-05-12 10:00:43,
23.5,24.0,0.00,38.0,37.0,0.00,2017-05-12 10:00:45,
23.5,24.0,0.00,38.0,37.0,0.00,2017-05-12 10:00:47,
23.5,24.0,0.00,38.0,37.0,0.00,2017-05-12 10:00:49,
23.5,24.0,0.00,38.0,37.0,0.00,2017-05-12 10:00:51,
23.5,24.0,0.00,38.0,37.0,0.00,2017-05-12 10:00:53,
23.5,24.0,0.00,38.0,37.0,0.00,2017-05-12 10:00:55,
23.5,24.0,0.00,38.0,37.0,0.00,2017-05-12 10:00:57,
23.5,24.0,0.00,38.0,37.0,0.00,2017-05-12 10:00:59,
23.5,24.0,0.00,38.0,37.0,0.00,2017-05-12 10:01:01,
23.5,24.0,0.00,38.0,37.0,0.00,2017-05-12 10:01:03,
23.5,24.0,0.00,38.0,37.0,0.00,2017-05-12 10:01:05,
23.5,24.0,0.00,38.0,37.0,0.00,2017-05-12 10:01:07,
23.5,24.0,0.00,38.0,37.0,0.00,2017-05-12 10:01:09,
23.5,23.9,0.00,38.0,37.0,0.00,2017-05-12 10:01:11,
23.5,23.9,0.00,38.0,37.0,0.00,2017-05-12 10:01:13,
23.5,23.9,0.00,38.0,37.0,0.00,2017-05-12 10:01:15,
23.5,23.9,0.00,38.0,37.0,0.00,2017-05-12 10:01:17,
23.5,23.9,0.00,38.0,37.0,0.00,2017-05-12 10:01:19,
23.5,23.9,0.00,38.0,37.0,0.00,2017-05-12 10:01:21,
23.5,23.9,0.00,38.0,37.0,0.00,2017-05-12 10:01:23,
23.5,23.9,0.00,38.0,37.0,0.00,2017-05-12 10:01:25,
23.5,23.9,0.00,38.0,37.0,0.00,2017-05-12 10:01:27,
23.5,23.9,0.00,38.0,37.0,0.00,2017-05-12 10:01:29,
23.5,23.9,0.00,38.0,37.0,0.00,2017-05-12 10:01:31,
23.5,23.9,0.00,38.0,37.0,0.00,2017-05-12 10:01:33,
23.5,23.9,0.00,38.0,37.0,0.00,2017-05-12 10:01:35,
23.5,23.9,0.00,38.0,37.0,0.00,2017-05-12 10:01:37,
23.5,23.9,0.00,38.0,37.0,0.00,2017-05-12 10:01:39,
23.5,23.9,0.00,38.0,37.0,0.00,2017-05-12 10:01:41,
23.5,23.9,0.00,38.0,37.0,0.00,2017-05-12 10:01:43,
23.5,23.9,0.00,38.0,37.0,0.00,2017-05-12 10:01:45,
23.5,23.9,0.00,38.0,37.0,0.00,2017-05-12 10:01:47,
23.5,23.9,0.00,38.0,37.0,0.00,2017-05-12 10:01:49,
23.5,23.9,0.00,38.0,37.0,0.00,2017-05-12 10:01:51,
23.5,23.9,0.00,38.0,37.0,0.00,2017-05-12 10:01:53,
23.5,23.9,0.00,38.0,37.0,0.00,2017-05-12 10:01:55,
23.5,23.9,0.00,38.0,37.0,0.00,2017-05-12 10:01:57,
23.5,23.9,0.00,38.0,37.0,0.00,2017-05-12 10:01:59,
23.5,23.9,0.00,38.0,37.0,0.00,2017-05-12 10:02:01,
23.5,23.9,0.00,38.0,37.0,0.00,2017-05-12 10:02:04,
23.5,23.9,0.00,38.0,37.0,0.00,2017-05-12 10:02:06,
23.5,23.9,0.00,38.0,37.0,0.00,2017-05-12 10:02:08,
23.5,23.9,0.00,38.0,37.0,0.00,2017-05-12 10:02:10,
23.5,23.9,0.00,38.0,37.0,0.00,2017-05-12 10:02:12,
23.5,24.0,0.00,38.0,37.0,0.00,2017-05-12 10:03:20,
23.5,24.0,0.00,38.0,37.0,0.00,2017-05-12 10:03:20,
23.5,24.0,0.00,38.0,37.0,0.00,2017-05-12 10:03:22,
23.5,24.0,0.00,38.0,37.0,0.00,2017-05-12 10:03:24,
23.5,24.0,0.00,38.0,37.0,0.00,2017-05-12 10:03:26,
23.5,24.0,0.00,38.0,37.0,0.00,2017-05-12 10:03:28,
23.5,24.0,0.00,38.0,37.0,0.00,2017-05-12 10:03:30,
23.5,24.0,0.00,38.0,37.0,0.00,2017-05-12 10:03:32,
23.5,24.0,0.00,38.0,37.0,0.00,2017-05-12 10:03:34,
23.5,24.0,0.00,38.0,40.0,0.00,2017-05-12 10:03:36,
23.5,24.0,0.00,38.0,40.0,0.00,2017-05-12 10:03:38,
23.5,24.0,0.00,38.0,40.0,0.00,2017-05-12 10:03:40,
23.5,24.0,0.00,38.0,40.0,0.00,2017-05-12 10:03:42,
23.5,24.0,0.00,38.0,40.0,0.00,2017-05-12 10:03:44,
23.5,24.0,0.00,38.0,40.0,0.00,2017-05-12 10:03:46,
23.5,24.0,0.00,38.0,40.0,0.00,2017-05-12 10:03:48,
23.5,24.0,0.00,38.0,40.0,0.00,2017-05-12 10:03:50,
23.5,24.0,0.00,38.0,38.0,0.00,2017-05-12 10:03:52,
23.5,24.0,0.00,38.0,38.0,0.00,2017-05-12 10:03:54,
23.5,24.0,0.00,38.0,38.0,0.00,2017-05-12 10:03:56,
23.5,24.0,0.00,38.0,38.0,0.00,2017-05-12 10:03:58,
23.5,24.0,0.00,38.0,38.0,0.00,2017-05-12 10:04:00,
23.5,24.0,0.00,38.0,38.0,0.00,2017-05-12 10:04:03,
23.5,24.0,0.00,38.0,38.0,0.00,2017-05-12 10:04:05,
23.5,24.0,0.00,38.0,38.0,0.00,2017-05-12 10:04:07,
23.5,23.9,0.00,38.0,38.0,0.00,2017-05-12 10:04:09,
23.5,23.9,0.00,38.0,38.0,0.00,2017-05-12 10:04:11,
23.5,23.9,0.00,38.0,38.0,0.00,2017-05-12 10:04:13,
23.5,23.9,0.00,38.0,38.0,0.00,2017-05-12 10:04:15,
23.5,23.9,0.00,38.0,38.0,0.00,2017-05-12 10:04:17,
23.5,23.9,0.00,38.0,38.0,0.00,2017-05-12 10:04:19,
23.5,23.9,0.00,38.0,38.0,0.00,2017-05-12 10:04:21,
23.5,23.9,0.00,38.0,38.0,0.00,2017-05-12 10:04:23,
23.5,23.9,0.00,38.0,37.0,0.00,2017-05-12 10:04:25,
23.5,23.9,0.00,38.0,37.0,0.00,2017-05-12 10:04:27,
23.5,23.9,0.00,38.0,37.0,0.00,2017-05-12 10:04:29,
23.5,23.9,0.00,38.0,37.0,0.00,2017-05-12 10:04:31,
23.5,23.9,0.00,38.0,37.0,0.00,2017-05-12 10:04:33,
23.5,23.9,0.00,38.0,37.0,0.00,2017-05-12 10:04:35,
23.5,23.9,0.00,38.0,37.0,0.00,2017-05-12 10:04:37,
23.5,23.9,0.00,38.0,37.0,0.00,2017-05-12 10:04:39,
23.5,23.9,0.00,38.0,38.0,0.00,2017-05-12 10:04:41,
23.5,23.9,0.00,38.0,38.0,0.00,2017-05-12 10:04:43,
23.5,23.9,0.00,38.0,38.0,0.00,2017-05-12 10:04:45,
23.5,23.9,0.00,38.0,38.0,0.00,2017-05-12 10:04:47,
23.5,23.9,0.00,38.0,38.0,0.00,2017-05-12 10:04:49,
23.5,23.9,0.00,40.0,38.0,0.00,2017-05-12 10:04:51,
23.5,23.9,0.00,40.0,38.0,0.00,2017-05-12 10:04:53,
23.5,23.9,0.00,40.0,38.0,0.00,2017-05-12 10:04:55,
23.5,24.0,0.00,40.0,40.0,0.00,2017-05-12 10:04:57,
23.5,24.0,0.00,40.0,40.0,0.00,2017-05-12 10:04:59,
23.5,24.0,0.00,40.0,40.0,0.00,2017-05-12 10:05:01,
23.5,24.0,0.00,40.0,40.0,0.00,2017-05-12 10:05:03,
23.5,24.0,0.00,40.0,40.0,0.00,2017-05-12 10:05:05,
23.6,24.0,0.00,38.0,40.0,0.00,2017-05-12 10:05:07,
23.6,24.0,0.00,38.0,40.0,0.00,2017-05-12 10:05:09,
23.6,24.0,0.00,38.0,40.0,0.00,2017-05-12 10:05:11,
23.6,24.0,0.00,38.0,37.0,0.00,2017-05-12 10:05:13,
23.6,24.0,0.00,38.0,37.0,0.00,2017-05-12 10:05:15,
23.6,24.0,0.00,38.0,37.0,0.00,2017-05-12 10:05:17,
23.6,24.0,0.00,38.0,37.0,0.00,2017-05-12 10:05:19,
23.6,24.0,0.00,38.0,37.0,0.00,2017-05-12 10:05:21,
23.6,24.0,0.00,38.0,37.0,0.00,2017-05-12 10:05:23,
23.6,24.0,0.00,38.0,37.0,0.00,2017-05-12 10:05:25,
23.6,24.0,0.00,38.0,37.0,0.00,2017-05-12 10:05:27,
23.6,24.0,0.00,38.0,38.0,0.00,2017-05-12 10:05:29,
23.6,24.0,0.00,38.0,38.0,0.00,2017-05-12 10:05:31,
23.6,24.0,0.00,38.0,38.0,0.00,2017-05-12 10:05:33,
23.6,24.0,0.00,38.0,38.0,0.00,2017-05-12 10:05:35,
23.6,24.0,0.00,38.0,38.0,0.00,2017-05-12 10:05:37,
23.6,24.0,0.00,38.0,38.0,0.00,2017-05-12 10:05:39,
23.6,24.0,0.00,38.0,38.0,0.00,2017-05-12 10:05:41,
23.6,24.0,0.00,38.0,38.0,0.00,2017-05-12 10:05:43,
23.6,24.0,0.00,38.0,37.0,0.00,2017-05-12 10:05:46,
23.6,24.0,0.00,38.0,37.0,0.00,2017-05-12 10:05:48,
23.6,24.0,0.00,38.0,37.0,0.00,2017-05-12 10:05:50,
23.6,24.0,0.00,38.0,37.0,0.00,2017-05-12 10:05:52,
23.6,24.0,0.00,38.0,37.0,0.00,2017-05-12 10:05:54,
23.6,24.0,0.00,38.0,37.0,0.00,2017-05-12 10:05:56,
23.6,24.0,0.00,38.0,37.0,0.00,2017-05-12 10:05:58,
23.6,24.0,0.00,38.0,37.0,0.00,2017-05-12 10:06:00,
23.6,24.0,0.00,38.0,37.0,0.00,2017-05-12 10:06:02,
23.6,24.0,0.00,38.0,37.0,0.00,2017-05-12 10:06:04,
23.6,24.0,0.00,38.0,37.0,0.00,2017-05-12 10:06:06,
23.6,24.0,0.00,38.0,37.0,0.00,2017-05-12 10:06:08,
23.6,24.0,0.00,38.0,37.0,0.00,2017-05-12 10:06:10,
23.6,24.0,0.00,38.0,37.0,0.00,2017-05-12 10:06:12,
23.6,24.0,0.00,38.0,37.0,0.00,2017-05-12 10:06:14,
23.6,24.0,0.00,38.0,37.0,0.00,2017-05-12 10:06:16,
23.6,24.0,0.00,38.0,38.0,0.00,2017-05-12 10:06:18,
23.6,24.0,0.00,38.0,38.0,0.00,2017-05-12 10:06:20,
23.6,24.0,0.00,38.0,38.0,0.00,2017-05-12 10:06:22,
23.6,24.0,0.00,38.0,38.0,0.00,2017-05-12 10:06:24,
23.6,24.0,0.00,38.0,38.0,0.00,2017-05-12 10:06:26,
23.6,24.0,0.00,38.0,38.0,0.00,2017-05-12 10:06:28,
23.6,24.0,0.00,38.0,38.0,0.00,2017-05-12 10:06:30,
23.6,24.0,0.00,38.0,38.0,0.00,2017-05-12 10:06:32,
23.6,24.0,0.00,38.0,37.0,0.00,2017-05-12 10:06:34,
23.6,24.0,0.00,38.0,37.0,0.00,2017-05-12 10:06:36,
23.6,24.0,0.00,38.0,37.0,0.00,2017-05-12 10:06:38,
23.6,24.0,0.00,38.0,37.0,0.00,2017-05-12 10:06:40,
23.6,24.0,0.00,38.0,37.0,0.00,2017-05-12 10:06:42,
23.6,24.0,0.00,38.0,37.0,0.00,2017-05-12 10:06:44,
23.6,24.0,0.00,38.0,37.0,0.00,2017-05-12 10:06:46,
23.6,24.0,0.00,38.0,37.0,0.00,2017-05-12 10:06:48,
23.6,24.0,0.00,38.0,38.0,0.00,2017-05-12 10:06:50,
23.6,24.0,0.00,38.0,38.0,0.00,2017-05-12 10:06:52,
23.6,24.0,0.00,38.0,38.0,0.00,2017-05-12 10:06:54,
23.6,24.0,0.00,38.0,38.0,0.00,2017-05-12 10:06:56,
23.6,24.0,0.00,38.0,38.0,0.00,2017-05-12 10:06:58,
23.6,24.0,0.00,38.0,38.0,0.00,2017-05-12 10:07:00,
23.6,24.0,0.00,38.0,38.0,0.00,2017-05-12 10:07:02,
23.6,24.0,0.00,38.0,38.0,0.00,2017-05-12 10:07:04,
23.6,24.0,0.00,38.0,37.0,0.00,2017-05-12 10:07:06,
23.6,24.0,0.00,38.0,37.0,0.00,2017-05-12 10:07:08,
23.6,24.0,0.00,38.0,37.0,0.00,2017-05-12 10:07:10,
23.6,24.0,0.00,38.0,37.0,0.00,2017-05-12 10:07:12,
23.6,24.0,0.00,38.0,37.0,0.00,2017-05-12 10:07:14,
23.6,24.0,0.00,38.0,37.0,0.00,2017-05-12 10:07:16,
23.6,24.0,0.00,38.0,37.0,0.00,2017-05-12 10:07:18,
23.6,24.0,0.00,38.0,37.0,0.00,2017-05-12 10:07:20,
23.6,24.0,0.00,38.0,38.0,0.00,2017-05-12 10:07:22,
23.6,24.0,0.00,38.0,38.0,0.00,2017-05-12 10:07:24,
23.6,24.0,0.00,38.0,38.0,0.00,2017-05-12 10:07:26,
23.6,24.0,0.00,38.0,38.0,0.00,2017-05-12 10:07:28,
23.6,24.0,0.00,38.0,38.0,0.00,2017-05-12 10:07:30,
23.7,24.0,0.00,38.0,38.0,0.00,2017-05-12 10:07:32,
23.7,24.0,0.00,38.0,38.0,0.00,2017-05-12 10:07:34,
23.7,24.0,0.00,38.0,38.0,0.00,2017-05-12 10:07:36,
23.7,24.0,0.00,38.0,37.0,0.00,2017-05-12 10:07:38,
23.7,24.0,0.00,38.0,37.0,0.00,2017-05-12 10:07:40,
23.7,24.0,0.00,38.0,37.0,0.00,2017-05-12 10:07:43,
23.7,24.0,0.00,38.0,37.0,0.00,2017-05-12 10:07:45,
23.7,24.0,0.00,38.0,37.0,0.00,2017-05-12 10:07:47,
23.7,24.0,0.00,38.0,37.0,0.00,2017-05-12 10:07:49,
23.7,24.0,0.00,38.0,37.0,0.00,2017-05-12 10:07:51,
23.7,24.0,0.00,38.0,37.0,0.00,2017-05-12 10:07:53,
23.7,24.0,0.00,38.0,37.0,0.00,2017-05-12 10:07:55,
23.7,24.0,0.00,38.0,37.0,0.00,2017-05-12 10:07:57,
23.7,24.0,0.00,38.0,37.0,0.00,2017-05-12 10:07:59,
23.7,24.0,0.00,38.0,37.0,0.00,2017-05-12 10:08:01,
23.7,24.0,0.00,38.0,37.0,0.00,2017-05-12 10:08:03,
23.7,24.0,0.00,38.0,37.0,0.00,2017-05-12 10:08:05,
23.7,24.0,0.00,38.0,37.0,0.00,2017-05-12 10:08:07,
23.7,24.0,0.00,38.0,37.0,0.00,2017-05-12 10:08:09,
23.7,24.0,0.00,38.0,37.0,0.00,2017-05-12 10:08:11,
23.7,24.0,0.00,38.0,37.0,0.00,2017-05-12 10:08:13,
23.7,24.0,0.00,38.0,37.0,0.00,2017-05-12 10:08:15,
23.7,24.0,0.00,38.0,37.0,0.00,2017-05-12 10:08:17,
23.7,24.0,0.00,38.0,37.0,0.00,2017-05-12 10:08:19,
23.7,24.0,0.00,38.0,37.0,0.00,2017-05-12 10:08:21,
23.7,24.0,0.00,38.0,37.0,0.00,2017-05-12 10:08:23,
23.7,24.0,0.00,38.0,37.0,0.00,2017-05-12 10:08:25,
23.7,24.0,0.00,38.0,38.0,0.00,2017-05-12 10:08:27,
23.7,24.0,0.00,38.0,38.0,0.00,2017-05-12 10:08:29,
23.7,24.0,0.00,38.0,38.0,0.00,2017-05-12 10:08:31,
23.7,24.0,0.00,38.0,38.0,0.00,2017-05-12 10:08:33,
23.7,24.0,0.00,38.0,38.0,0.00,2017-05-12 10:08:35,
23.7,24.0,0.00,38.0,38.0,0.00,2017-05-12 10:08:37,
23.7,24.0,0.00,38.0,38.0,0.00,2017-05-12 10:08:39,
23.7,24.0,0.00,38.0,38.0,0.00,2017-05-12 10:08:41,
23.7,24.0,0.00,38.0,38.0,0.00,2017-05-12 10:08:43,
23.7,24.0,0.00,38.0,38.0,0.00,2017-05-12 10:08:45,
23.7,24.0,0.00,38.0,38.0,0.00,2017-05-12 10:08:47,
23.7,24.0,0.00,38.0,38.0,0.00,2017-05-12 10:08:49,
23.7,24.0,0.00,38.0,38.0,0.00,2017-05-12 10:08:51,
23.7,24.0,0.00,38.0,38.0,0.00,2017-05-12 10:08:53,
23.7,24.0,0.00,38.0,38.0,0.00,2017-05-12 10:08:55,
23.7,24.0,0.00,38.0,38.0,0.00,2017-05-12 10:08:57,
23.7,24.0,0.00,38.0,38.0,0.00,2017-05-12 10:08:59,
23.7,24.0,0.00,38.0,38.0,0.00,2017-05-12 10:09:01,
23.7,24.0,0.00,38.0,38.0,0.00,2017-05-12 10:09:03,
23.7,24.0,0.00,38.0,38.0,0.00,2017-05-12 10:09:05,
23.7,24.0,0.00,38.0,38.0,0.00,2017-05-12 10:09:07,
23.7,24.0,0.00,38.0,38.0,0.00,2017-05-12 10:09:09,
23.7,24.0,0.00,38.0,38.0,0.00,2017-05-12 10:09:11,
23.7,24.0,0.00,38.0,38.0,0.00,2017-05-12 10:09:13,
23.7,24.0,0.00,38.0,38.0,0.00,2017-05-12 10:09:15,
23.7,24.0,0.00,38.0,38.0,0.00,2017-05-12 10:09:17,
23.7,24.0,0.00,38.0,38.0,0.00,2017-05-12 10:09:20,
23.7,24.0,0.00,38.0,38.0,0.00,2017-05-12 10:09:22,
23.7,24.0,0.00,38.0,38.0,0.00,2017-05-12 10:09:24,
23.7,24.0,0.00,38.0,38.0,0.00,2017-05-12 10:09:26,
23.7,24.0,0.00,38.0,38.0,0.00,2017-05-12 10:09:28,
23.7,24.0,0.00,38.0,38.0,0.00,2017-05-12 10:09:30,
23.7,24.0,0.00,38.0,38.0,0.00,2017-05-12 10:09:32,
23.7,24.0,0.00,38.0,38.0,0.00,2017-05-12 10:09:34,
23.7,24.0,0.00,38.0,38.0,0.00,2017-05-12 10:09:36,
23.7,24.0,0.00,38.0,38.0,0.00,2017-05-12 10:09:38,
23.7,24.0,0.00,38.0,38.0,0.00,2017-05-12 10:09:40,
23.7,24.0,0.00,39.0,38.0,0.00,2017-05-12 10:09:42,
23.7,24.0,0.00,39.0,38.0,0.00,2017-05-12 10:09:44,
23.7,24.0,0.00,39.0,38.0,0.00,2017-05-12 10:09:46,
23.7,24.1,0.00,39.0,38.0,0.00,2017-05-12 10:09:48,
23.7,24.1,0.00,39.0,38.0,0.00,2017-05-12 10:09:50,
23.7,24.1,0.00,39.0,38.0,0.00,2017-05-12 10:09:52,
23.7,24.1,0.00,39.0,38.0,0.00,2017-05-12 10:09:54,
23.7,24.1,0.00,39.0,38.0,0.00,2017-05-12 10:09:56,
23.7,24.1,0.00,38.0,38.0,0.00,2017-05-12 10:09:58,
23.7,24.1,0.00,38.0,38.0,0.00,2017-05-12 10:10:00,
23.7,24.1,0.00,38.0,38.0,0.00,2017-05-12 10:10:02,
23.7,24.1,0.00,38.0,37.0,0.00,2017-05-12 10:10:04,
23.7,24.1,0.00,38.0,37.0,0.00,2017-05-12 10:10:06,
23.7,24.1,0.00,38.0,37.0,0.00,2017-05-12 10:10:08,
23.7,24.1,0.00,38.0,37.0,0.00,2017-05-12 10:10:10,
23.7,24.1,0.00,38.0,37.0,0.00,2017-05-12 10:10:12,
23.7,24.1,0.00,38.0,37.0,0.00,2017-05-12 10:10:14,
23.7,24.1,0.00,38.0,37.0,0.00,2017-05-12 10:10:16,
23.7,24.1,0.00,38.0,37.0,0.00,2017-05-12 10:10:18,
23.7,24.1,0.00,38.0,37.0,0.00,2017-05-12 10:10:20,
23.7,24.1,0.00,38.0,37.0,0.00,2017-05-12 10:10:22,
23.7,24.1,0.00,38.0,37.0,0.00,2017-05-12 10:10:24,
23.7,24.1,0.00,38.0,37.0,0.00,2017-05-12 10:10:26,
23.7,24.1,0.00,38.0,37.0,0.00,2017-05-12 10:10:28,
23.7,24.1,0.00,38.0,37.0,0.00,2017-05-12 10:10:30,
23.7,24.1,0.00,38.0,37.0,0.00,2017-05-12 10:10:32,
23.7,24.1,0.00,38.0,37.0,0.00,2017-05-12 10:10:35,
23.7,24.1,0.00,38.0,37.0,0.00,2017-05-12 10:10:37,
23.7,24.1,0.00,38.0,37.0,0.00,2017-05-12 10:10:39,
23.7,24.1,0.00,38.0,37.0,0.00,2017-05-12 10:10:41,
23.7,24.1,0.00,38.0,37.0,0.00,2017-05-12 10:10:43,
23.7,24.1,0.00,38.0,37.0,0.00,2017-05-12 10:10:45,
23.7,24.1,0.00,38.0,37.0,0.00,2017-05-12 10:10:47,
23.7,24.1,0.00,38.0,37.0,0.00,2017-05-12 10:10:49,
23.7,24.1,0.00,38.0,37.0,0.00,2017-05-12 10:10:51,
23.7,24.1,0.00,38.0,37.0,0.00,2017-05-12 10:10:53,
23.7,24.1,0.00,38.0,37.0,0.00,2017-05-12 10:10:55,
23.7,24.1,0.00,38.0,37.0,0.00,2017-05-12 10:10:57,
23.7,24.1,0.00,38.0,37.0,0.00,2017-05-12 10:10:59,
23.7,24.1,0.00,38.0,37.0,0.00,2017-05-12 10:11:01,
23.7,24.1,0.00,38.0,37.0,0.00,2017-05-12 10:11:03,
23.7,24.1,0.00,38.0,37.0,0.00,2017-05-12 10:11:05,
23.7,24.1,0.00,38.0,38.0,0.00,2017-05-12 10:11:07,
23.7,24.1,0.00,38.0,38.0,0.00,2017-05-12 10:11:09,
23.7,24.1,0.00,38.0,38.0,0.00,2017-05-12 10:11:11,
23.7,24.1,0.00,38.0,38.0,0.00,2017-05-12 10:11:13,
23.7,24.1,0.00,38.0,38.0,0.00,2017-05-12 10:11:15,
23.7,24.1,0.00,38.0,38.0,0.00,2017-05-12 10:11:17,
23.7,24.1,0.00,38.0,38.0,0.00,2017-05-12 10:11:19,
23.7,24.1,0.00,38.0,38.0,0.00,2017-05-12 10:11:22,
23.7,24.1,0.00,38.0,37.0,0.00,2017-05-12 10:11:24,
23.7,24.1,0.00,38.0,37.0,0.00,2017-05-12 10:11:26,
23.7,24.1,0.00,38.0,37.0,0.00,2017-05-12 10:11:28,
23.7,24.1,0.00,38.0,37.0,0.00,2017-05-12 10:11:30,
23.7,24.1,0.00,38.0,37.0,0.00,2017-05-12 10:11:32,
23.7,24.1,0.00,38.0,37.0,0.00,2017-05-12 10:11:34,
23.7,24.1,0.00,38.0,37.0,0.00,2017-05-12 10:11:36,
23.7,24.1,0.00,38.0,37.0,0.00,2017-05-12 10:11:38,
23.7,24.1,0.00,38.0,38.0,0.00,2017-05-12 10:11:40,
23.7,24.1,0.00,38.0,38.0,0.00,2017-05-12 10:11:42,
23.7,24.1,0.00,38.0,38.0,0.00,2017-05-12 10:11:44,
23.7,24.1,0.00,38.0,38.0,0.00,2017-05-12 10:11:46,
23.7,24.1,0.00,38.0,38.0,0.00,2017-05-12 10:11:48,
23.7,24.1,0.00,38.0,38.0,0.00,2017-05-12 10:11:50,
23.7,24.1,0.00,38.0,38.0,0.00,2017-05-12 10:11:52,
23.7,24.1,0.00,38.0,38.0,0.00,2017-05-12 10:11:54,
23.7,24.1,0.00,38.0,37.0,0.00,2017-05-12 10:11:56,
23.7,24.1,0.00,38.0,37.0,0.00,2017-05-12 10:11:58,
23.7,24.1,0.00,38.0,37.0,0.00,2017-05-12 10:12:00,
23.7,24.1,0.00,38.0,37.0,0.00,2017-05-12 10:12:02,
23.7,24.1,0.00,38.0,37.0,0.00,2017-05-12 10:12:04,
23.7,24.1,0.00,38.0,37.0,0.00,2017-05-12 10:12:06,
23.7,24.1,0.00,38.0,37.0,0.00,2017-05-12 10:12:08,
23.7,24.1,0.00,38.0,37.0,0.00,2017-05-12 10:12:10,
23.7,24.1,0.00,38.0,37.0,0.00,2017-05-12 10:12:12,
23.7,24.1,0.00,38.0,37.0,0.00,2017-05-12 10:12:14,
23.7,24.1,0.00,38.0,37.0,0.00,2017-05-12 10:12:16,
23.7,24.1,0.00,38.0,37.0,0.00,2017-05-12 10:12:18,
23.7,24.1,0.00,38.0,37.0,0.00,2017-05-12 10:12:20,
23.7,24.1,0.00,38.0,37.0,0.00,2017-05-12 10:12:22,
23.7,24.1,0.00,38.0,37.0,0.00,2017-05-12 10:12:24,
23.7,24.1,0.00,38.0,37.0,0.00,2017-05-12 10:12:26,
23.7,24.1,0.00,38.0,38.0,0.00,2017-05-12 10:12:28,
23.7,24.1,0.00,38.0,38.0,0.00,2017-05-12 10:12:30,
23.7,24.1,0.00,38.0,38.0,0.00,2017-05-12 10:12:32,
23.7,24.1,0.00,38.0,38.0,0.00,2017-05-12 10:12:34,
23.7,24.1,0.00,38.0,38.0,0.00,2017-05-12 10:12:36,
23.7,24.1,0.00,38.0,38.0,0.00,2017-05-12 10:12:38,
23.7,24.1,0.00,38.0,38.0,0.00,2017-05-12 10:12:40,
23.7,24.1,0.00,38.0,38.0,0.00,2017-05-12 10:12:42,
23.7,24.1,0.00,38.0,38.0,0.00,2017-05-12 10:12:44,
23.7,24.1,0.00,38.0,38.0,0.00,2017-05-12 10:12:46,
23.7,24.1,0.00,38.0,38.0,0.00,2017-05-12 10:12:48,
23.7,24.1,0.00,38.0,38.0,0.00,2017-05-12 10:12:50,
23.7,24.1,0.00,38.0,38.0,0.00,2017-05-12 10:12:52,
23.7,24.1,0.00,38.0,38.0,0.00,2017-05-12 10:12:54,
23.7,24.1,0.00,38.0,38.0,0.00,2017-05-12 10:12:56,
23.7,24.1,0.00,38.0,38.0,0.00,2017-05-12 10:12:58,
23.7,24.2,0.00,38.0,37.0,0.00,2017-05-12 10:13:00,
23.7,24.2,0.00,38.0,37.0,0.00,2017-05-12 10:13:02,
23.7,24.2,0.00,38.0,37.0,0.00,2017-05-12 10:13:05,
23.7,24.2,0.00,38.0,37.0,0.00,2017-05-12 10:13:07,
23.7,24.2,0.00,38.0,37.0,0.00,2017-05-12 10:13:09,
23.7,24.2,0.00,38.0,37.0,0.00,2017-05-12 10:13:11,
23.7,24.2,0.00,38.0,37.0,0.00,2017-05-12 10:13:13,
23.7,24.2,0.00,38.0,37.0,0.00,2017-05-12 10:13:15,
23.7,24.1,0.00,38.0,37.0,0.00,2017-05-12 10:13:17,
23.7,24.1,0.00,38.0,37.0,0.00,2017-05-12 10:13:19,
23.7,24.1,0.00,38.0,37.0,0.00,2017-05-12 10:13:21,
23.7,24.1,0.00,38.0,37.0,0.00,2017-05-12 10:13:23,
23.7,24.1,0.00,38.0,37.0,0.00,2017-05-12 10:13:25,
23.7,24.1,0.00,38.0,37.0,0.00,2017-05-12 10:13:27,
23.7,24.1,0.00,38.0,37.0,0.00,2017-05-12 10:13:29,
23.7,24.1,0.00,38.0,37.0,0.00,2017-05-12 10:13:31,
23.7,24.1,0.00,38.0,37.0,0.00,2017-05-12 10:13:33,
23.7,24.1,0.00,38.0,37.0,0.00,2017-05-12 10:13:35,
23.7,24.1,0.00,38.0,37.0,0.00,2017-05-12 10:13:37,
23.7,24.1,0.00,38.0,37.0,0.00,2017-05-12 10:13:39,
23.7,24.1,0.00,38.0,37.0,0.00,2017-05-12 10:13:41,
23.7,24.1,0.00,38.0,37.0,0.00,2017-05-12 10:13:43,
23.7,24.1,0.00,38.0,37.0,0.00,2017-05-12 10:13:45,
23.7,24.1,0.00,38.0,37.0,0.00,2017-05-12 10:13:47,
23.7,24.1,0.00,38.0,37.0,0.00,2017-05-12 10:13:49,
23.7,24.1,0.00,38.0,37.0,0.00,2017-05-12 10:13:51,
23.7,24.1,0.00,38.0,37.0,0.00,2017-05-12 10:13:53,
23.7,24.1,0.00,38.0,37.0,0.00,2017-05-12 10:13:55,
23.7,24.1,0.00,38.0,37.0,0.00,2017-05-12 10:13:57,
23.7,24.1,0.00,38.0,37.0,0.00,2017-05-12 10:13:59,
23.7,24.1,0.00,38.0,37.0,0.00,2017-05-12 10:14:01,
23.7,24.1,0.00,38.0,37.0,0.00,2017-05-12 10:14:03,
23.7,24.1,0.00,38.0,39.0,0.00,2017-05-12 10:14:05,
23.7,24.1,0.00,38.0,39.0,0.00,2017-05-12 10:14:07,
23.7,24.1,0.00,38.0,39.0,0.00,2017-05-12 10:14:09,
23.7,24.1,0.00,38.0,39.0,0.00,2017-05-12 10:14:11,
23.7,24.1,0.00,38.0,39.0,0.00,2017-05-12 10:14:13,
23.7,24.1,0.00,38.0,39.0,0.00,2017-05-12 10:14:15,
23.7,24.1,0.00,38.0,39.0,0.00,2017-05-12 10:14:17,
23.7,24.1,0.00,38.0,39.0,0.00,2017-05-12 10:14:19,
23.7,24.2,0.00,38.0,37.0,0.00,2017-05-12 10:14:21,
23.7,24.2,0.00,38.0,37.0,0.00,2017-05-12 10:14:23,
23.7,24.2,0.00,38.0,37.0,0.00,2017-05-12 10:14:25,
23.7,24.2,0.00,38.0,37.0,0.00,2017-05-12 10:14:27,
23.7,24.2,0.00,38.0,37.0,0.00,2017-05-12 10:14:29,
23.7,24.2,0.00,38.0,37.0,0.00,2017-05-12 10:14:31,
23.7,24.2,0.00,38.0,37.0,0.00,2017-05-12 10:14:33,
23.7,24.2,0.00,38.0,37.0,0.00,2017-05-12 10:14:35,
23.7,24.2,0.00,38.0,38.0,0.00,2017-05-12 10:14:37,
23.7,24.2,0.00,38.0,38.0,0.00,2017-05-12 10:14:39,
23.7,24.2,0.00,38.0,38.0,0.00,2017-05-12 10:14:41,
23.7,24.2,0.00,38.0,38.0,0.00,2017-05-12 10:14:43,
23.7,24.2,0.00,38.0,38.0,0.00,2017-05-12 10:14:45,
23.7,24.2,0.00,38.0,38.0,0.00,2017-05-12 10:14:48,
23.7,24.2,0.00,38.0,38.0,0.00,2017-05-12 10:14:50,
23.7,24.2,0.00,38.0,38.0,0.00,2017-05-12 10:14:52,
23.7,24.2,0.00,38.0,37.0,0.00,2017-05-12 10:14:54,
23.7,24.2,0.00,38.0,37.0,0.00,2017-05-12 10:14:56,
23.7,24.2,0.00,38.0,37.0,0.00,2017-05-12 10:14:58,
23.7,24.2,0.00,38.0,37.0,0.00,2017-05-12 10:15:00,
23.7,24.2,0.00,38.0,37.0,0.00,2017-05-12 10:15:02,
23.7,24.2,0.00,38.0,37.0,0.00,2017-05-12 10:15:04,
23.7,24.2,0.00,38.0,37.0,0.00,2017-05-12 10:15:06,
23.7,24.2,0.00,38.0,37.0,0.00,2017-05-12 10:15:08,
23.7,24.2,0.00,38.0,42.0,0.00,2017-05-12 10:15:10,
23.7,24.2,0.00,38.0,42.0,0.00,2017-05-12 10:15:12,
23.7,24.2,0.00,38.0,42.0,0.00,2017-05-12 10:15:14,
23.7,24.2,0.00,38.0,42.0,0.00,2017-05-12 10:15:16,
23.7,24.2,0.00,38.0,42.0,0.00,2017-05-12 10:15:18,
23.7,24.2,0.00,39.0,42.0,0.00,2017-05-12 10:15:20,
23.7,24.2,0.00,39.0,42.0,0.00,2017-05-12 10:15:22,
23.7,24.2,0.00,39.0,42.0,0.00,2017-05-12 10:15:24,
23.7,24.2,0.00,39.0,38.0,0.00,2017-05-12 10:15:26,
23.7,24.2,0.00,39.0,38.0,0.00,2017-05-12 10:15:28,
23.7,24.2,0.00,39.0,38.0,0.00,2017-05-12 10:15:30,
23.7,24.2,0.00,39.0,38.0,0.00,2017-05-12 10:15:32,
23.7,24.2,0.00,39.0,38.0,0.00,2017-05-12 10:15:34,
23.7,24.2,0.00,38.0,38.0,0.00,2017-05-12 10:15:36,
23.7,24.2,0.00,38.0,38.0,0.00,2017-05-12 10:15:38,
23.7,24.2,0.00,38.0,38.0,0.00,2017-05-12 10:15:40,
23.7,24.2,0.00,38.0,37.0,0.00,2017-05-12 10:15:42,
23.7,24.2,0.00,38.0,37.0,0.00,2017-05-12 10:15:44,
23.7,24.2,0.00,38.0,37.0,0.00,2017-05-12 10:15:46,
23.7,24.2,0.00,38.0,37.0,0.00,2017-05-12 10:15:48,
23.7,24.2,0.00,38.0,37.0,0.00,2017-05-12 10:15:50,
23.7,24.2,0.00,38.0,37.0,0.00,2017-05-12 10:15:52,
23.7,24.2,0.00,38.0,37.0,0.00,2017-05-12 10:15:54,
23.7,24.2,0.00,38.0,37.0,0.00,2017-05-12 10:15:56,
23.7,24.2,0.00,38.0,37.0,0.00,2017-05-12 10:15:58,
23.7,24.2,0.00,38.0,37.0,0.00,2017-05-12 10:16:00,
23.7,24.2,0.00,38.0,37.0,0.00,2017-05-12 10:16:02,
23.7,24.2,0.00,38.0,37.0,0.00,2017-05-12 10:16:04,
23.7,24.2,0.00,38.0,37.0,0.00,2017-05-12 10:16:06,
23.7,24.2,0.00,38.0,37.0,0.00,2017-05-12 10:16:08,
23.7,24.2,0.00,38.0,37.0,0.00,2017-05-12 10:16:10,
23.7,24.2,0.00,38.0,37.0,0.00,2017-05-12 10:16:12,
23.7,24.2,0.00,38.0,37.0,0.00,2017-05-12 10:16:14,
23.7,24.2,0.00,38.0,37.0,0.00,2017-05-12 10:16:16,
23.7,24.2,0.00,38.0,37.0,0.00,2017-05-12 10:16:18,
23.7,24.2,0.00,38.0,37.0,0.00,2017-05-12 10:16:20,
23.7,24.2,0.00,38.0,37.0,0.00,2017-05-12 10:16:22,
23.7,24.2,0.00,38.0,37.0,0.00,2017-05-12 10:16:24,
23.7,24.2,0.00,38.0,37.0,0.00,2017-05-12 10:16:26,
23.7,24.2,0.00,38.0,37.0,0.00,2017-05-12 10:16:28,
23.7,24.2,0.00,38.0,37.0,0.00,2017-05-12 10:16:30,
23.7,24.2,0.00,38.0,37.0,0.00,2017-05-12 10:16:32,
23.7,24.2,0.00,38.0,37.0,0.00,2017-05-12 10:16:34,
23.7,24.2,0.00,38.0,37.0,0.00,2017-05-12 10:16:36,
23.7,24.2,0.00,38.0,37.0,0.00,2017-05-12 10:16:39,
23.7,24.2,0.00,38.0,37.0,0.00,2017-05-12 10:16:41,
23.7,24.2,0.00,38.0,37.0,0.00,2017-05-12 10:16:43,
23.7,24.2,0.00,38.0,37.0,0.00,2017-05-12 10:16:45,
23.7,24.2,0.00,38.0,37.0,0.00,2017-05-12 10:16:47,
23.7,24.2,0.00,38.0,37.0,0.00,2017-05-12 10:16:49,
23.7,24.2,0.00,38.0,37.0,0.00,2017-05-12 10:16:51,
23.7,24.2,0.00,38.0,37.0,0.00,2017-05-12 10:16:53,
23.7,24.2,0.00,38.0,37.0,0.00,2017-05-12 10:16:55,
23.7,24.2,0.00,38.0,37.0,0.00,2017-05-12 10:16:57,
23.7,24.2,0.00,38.0,37.0,0.00,2017-05-12 10:16:59,
23.7,24.2,0.00,38.0,37.0,0.00,2017-05-12 10:17:01,
23.7,24.2,0.00,38.0,38.0,0.00,2017-05-12 10:17:03,
23.7,24.2,0.00,38.0,38.0,0.00,2017-05-12 10:17:05,
23.7,24.2,0.00,38.0,38.0,0.00,2017-05-12 10:17:07,
23.7,24.2,0.00,38.0,38.0,0.00,2017-05-12 10:17:09,
23.7,24.2,0.00,38.0,38.0,0.00,2017-05-12 10:17:11,
23.7,24.2,0.00,38.0,38.0,0.00,2017-05-12 10:17:13,
23.7,24.2,0.00,38.0,38.0,0.00,2017-05-12 10:17:15,
23.7,24.2,0.00,38.0,38.0,0.00,2017-05-12 10:17:17,
23.7,24.2,0.00,38.0,37.0,0.00,2017-05-12 10:17:19,
23.7,24.2,0.00,38.0,37.0,0.00,2017-05-12 10:17:21,
23.7,24.2,0.00,38.0,37.0,0.00,2017-05-12 10:17:23,
23.7,24.2,0.00,38.0,37.0,0.00,2017-05-12 10:17:25,
23.7,24.2,0.00,38.0,37.0,0.00,2017-05-12 10:17:27,
23.7,24.2,0.00,38.0,37.0,0.00,2017-05-12 10:17:29,
23.7,24.2,0.00,38.0,37.0,0.00,2017-05-12 10:17:31,
23.7,24.2,0.00,38.0,37.0,0.00,2017-05-12 10:17:33,
23.7,24.1,0.00,38.0,37.0,0.00,2017-05-12 10:17:35,
23.7,24.1,0.00,38.0,37.0,0.00,2017-05-12 10:17:37,
23.7,24.1,0.00,38.0,37.0,0.00,2017-05-12 10:17:39,
23.7,24.1,0.00,38.0,37.0,0.00,2017-05-12 10:17:41,
23.7,24.1,0.00,38.0,37.0,0.00,2017-05-12 10:17:43,
23.7,24.1,0.00,38.0,37.0,0.00,2017-05-12 10:17:45,
23.7,24.1,0.00,38.0,37.0,0.00,2017-05-12 10:17:47,
23.7,24.1,0.00,38.0,37.0,0.00,2017-05-12 10:17:49,
23.7,24.1,0.00,38.0,38.0,0.00,2017-05-12 10:17:51,
23.7,24.1,0.00,38.0,38.0,0.00,2017-05-12 10:17:53,
23.7,24.1,0.00,38.0,38.0,0.00,2017-05-12 10:17:55,
23.7,24.1,0.00,38.0,38.0,0.00,2017-05-12 10:17:57,
23.7,24.1,0.00,38.0,38.0,0.00,2017-05-12 10:17:59,
23.7,24.1,0.00,38.0,38.0,0.00,2017-05-12 10:18:01,
23.7,24.1,0.00,38.0,38.0,0.00,2017-05-12 10:18:03,
23.7,24.1,0.00,38.0,38.0,0.00,2017-05-12 10:18:05,
23.7,24.1,0.00,38.0,38.0,0.00,2017-05-12 10:18:07,
23.7,24.1,0.00,38.0,38.0,0.00,2017-05-12 10:18:09,
23.7,24.1,0.00,38.0,38.0,0.00,2017-05-12 10:18:11,
23.7,24.1,0.00,38.0,38.0,0.00,2017-05-12 10:18:13,
23.7,24.1,0.00,38.0,38.0,0.00,2017-05-12 10:18:15,
23.7,24.1,0.00,38.0,38.0,0.00,2017-05-12 10:18:17,
23.7,24.1,0.00,38.0,38.0,0.00,2017-05-12 10:18:19,
23.7,24.1,0.00,38.0,38.0,0.00,2017-05-12 10:18:21,
23.7,24.1,0.00,38.0,38.0,0.00,2017-05-12 10:18:23,
23.7,24.1,0.00,38.0,38.0,0.00,2017-05-12 10:18:25,
23.7,24.1,0.00,38.0,38.0,0.00,2017-05-12 10:18:28,
23.7,24.1,0.00,38.0,38.0,0.00,2017-05-12 10:18:30,
23.7,24.1,0.00,38.0,38.0,0.00,2017-05-12 10:18:32,
23.7,24.1,0.00,38.0,38.0,0.00,2017-05-12 10:18:34,
23.7,24.1,0.00,38.0,38.0,0.00,2017-05-12 10:18:36,
23.7,24.1,0.00,38.0,38.0,0.00,2017-05-12 10:18:38,
23.7,24.1,0.00,38.0,38.0,0.00,2017-05-12 10:18:40,
23.7,24.1,0.00,38.0,38.0,0.00,2017-05-12 10:18:42,
23.7,24.1,0.00,38.0,38.0,0.00,2017-05-12 10:18:44,
23.7,24.1,0.00,38.0,38.0,0.00,2017-05-12 10:18:46,
23.7,24.1,0.00,38.0,38.0,0.00,2017-05-12 10:18:48,
23.7,24.1,0.00,38.0,38.0,0.00,2017-05-12 10:18:50,
23.7,24.1,0.00,38.0,38.0,0.00,2017-05-12 10:18:52,
23.7,24.1,0.00,38.0,38.0,0.00,2017-05-12 10:18:54,
23.7,24.2,0.00,38.0,37.0,0.00,2017-05-12 10:18:56,
23.7,24.2,0.00,38.0,37.0,0.00,2017-05-12 10:18:58,
23.7,24.2,0.00,38.0,37.0,0.00,2017-05-12 10:19:00,
23.7,24.2,0.00,38.0,37.0,0.00,2017-05-12 10:19:02,
23.7,24.2,0.00,38.0,37.0,0.00,2017-05-12 10:19:04,
23.7,24.2,0.00,38.0,37.0,0.00,2017-05-12 10:19:06,
23.7,24.2,0.00,38.0,37.0,0.00,2017-05-12 10:19:08,
23.7,24.2,0.00,38.0,37.0,0.00,2017-05-12 10:19:10,
23.7,24.1,0.00,38.0,37.0,0.00,2017-05-12 10:19:12,
23.7,24.1,0.00,38.0,37.0,0.00,2017-05-12 10:19:14,
23.7,24.1,0.00,38.0,37.0,0.00,2017-05-12 10:19:16,
23.7,24.1,0.00,38.0,37.0,0.00,2017-05-12 10:19:18,
23.7,24.1,0.00,38.0,37.0,0.00,2017-05-12 10:19:20,
23.7,24.1,0.00,38.0,37.0,0.00,2017-05-12 10:19:22,
23.7,24.1,0.00,38.0,37.0,0.00,2017-05-12 10:19:24,
23.7,24.1,0.00,38.0,37.0,0.00,2017-05-12 10:19:26,
23.7,24.1,0.00,38.0,37.0,0.00,2017-05-12 10:19:28,
23.7,24.1,0.00,38.0,37.0,0.00,2017-05-12 10:19:30,
23.7,24.1,0.00,38.0,37.0,0.00,2017-05-12 10:19:32,
23.7,24.1,0.00,38.0,37.0,0.00,2017-05-12 10:19:34,
23.7,24.1,0.00,38.0,37.0,0.00,2017-05-12 10:19:36,
23.7,24.1,0.00,38.0,37.0,0.00,2017-05-12 10:19:38,
23.7,24.1,0.00,38.0,37.0,0.00,2017-05-12 10:19:40,
23.7,24.1,0.00,38.0,37.0,0.00,2017-05-12 10:19:42,
23.7,24.1,0.00,38.0,37.0,0.00,2017-05-12 10:19:44,
23.7,24.1,0.00,38.0,37.0,0.00,2017-05-12 10:19:46,
23.7,24.1,0.00,38.0,37.0,0.00,2017-05-12 10:19:48,
23.7,24.1,0.00,38.0,37.0,0.00,2017-05-12 10:19:50,
23.7,24.1,0.00,38.0,37.0,0.00,2017-05-12 10:19:52,
23.7,24.1,0.00,38.0,37.0,0.00,2017-05-12 10:19:54,
23.7,24.1,0.00,38.0,37.0,0.00,2017-05-12 10:19:56,
23.7,24.1,0.00,38.0,37.0,0.00,2017-05-12 10:19:58,
23.7,24.1,0.00,38.0,38.0,0.00,2017-05-12 10:20:00,
23.7,24.1,0.00,38.0,38.0,0.00,2017-05-12 10:20:02,
23.7,24.1,0.00,38.0,38.0,0.00,2017-05-12 10:20:04,
23.7,24.1,0.00,38.0,38.0,0.00,2017-05-12 10:20:06,
23.7,24.1,0.00,38.0,38.0,0.00,2017-05-12 10:20:08,
23.7,24.1,0.00,38.0,38.0,0.00,2017-05-12 10:20:10,
23.7,24.1,0.00,38.0,38.0,0.00,2017-05-12 10:20:12,
23.7,24.1,0.00,38.0,38.0,0.00,2017-05-12 10:20:14,
23.7,24.1,0.00,38.0,38.0,0.00,2017-05-12 10:20:16,
23.7,24.1,0.00,38.0,38.0,0.00,2017-05-12 10:20:18,
23.7,24.1,0.00,38.0,38.0,0.00,2017-05-12 10:20:20,
23.7,24.1,0.00,38.0,38.0,0.00,2017-05-12 10:20:23,
23.7,24.1,0.00,38.0,38.0,0.00,2017-05-12 10:20:25,
23.7,24.1,0.00,38.0,38.0,0.00,2017-05-12 10:20:27,
23.7,24.1,0.00,38.0,38.0,0.00,2017-05-12 10:20:29,
23.7,24.1,0.00,38.0,38.0,0.00,2017-05-12 10:20:43,
23.7,24.1,0.00,38.0,38.0,0.00,2017-05-12 10:20:45,
23.7,24.0,0.00,38.0,37.0,0.00,2017-05-12 10:20:47,
23.7,24.0,0.00,38.0,37.0,0.00,2017-05-12 10:20:49,
23.7,24.0,0.00,38.0,37.0,0.00,2017-05-12 10:20:51,
23.7,24.0,0.00,38.0,37.0,0.00,2017-05-12 10:20:53,
23.7,24.0,0.00,38.0,37.0,0.00,2017-05-12 10:20:55,
23.7,24.0,0.00,38.0,37.0,0.00,2017-05-12 10:20:57,
23.7,24.0,0.00,38.0,37.0,0.00,2017-05-12 10:20:59,
23.7,24.0,0.00,38.0,37.0,0.00,2017-05-12 10:21:01,
23.7,24.0,0.00,38.0,38.0,0.00,2017-05-12 10:21:03,
23.7,24.0,0.00,38.0,38.0,0.00,2017-05-12 10:21:05,
23.7,24.0,0.00,38.0,38.0,0.00,2017-05-12 10:21:07,
23.7,24.0,0.00,38.0,38.0,0.00,2017-05-12 10:21:09,
23.7,24.0,0.00,38.0,38.0,0.00,2017-05-12 10:21:11,
23.7,24.0,0.00,38.0,38.0,0.00,2017-05-12 10:21:13,
23.7,24.0,0.00,38.0,38.0,0.00,2017-05-12 10:21:15,
23.7,24.0,0.00,38.0,38.0,0.00,2017-05-12 10:21:17,
23.7,24.1,0.00,38.0,38.0,0.00,2017-05-12 10:21:20,
23.7,24.1,0.00,38.0,38.0,0.00,2017-05-12 10:21:22,
23.7,24.1,0.00,38.0,38.0,0.00,2017-05-12 10:21:24,
23.7,24.1,0.00,38.0,38.0,0.00,2017-05-12 10:21:26,
23.7,24.1,0.00,38.0,38.0,0.00,2017-05-12 10:21:28,
23.7,24.1,0.00,38.0,38.0,0.00,2017-05-12 10:21:30,
23.7,24.1,0.00,38.0,38.0,0.00,2017-05-12 10:21:32,
23.7,24.1,0.00,38.0,38.0,0.00,2017-05-12 10:21:34,
23.7,24.1,0.00,38.0,38.0,0.00,2017-05-12 10:21:36,
23.7,24.1,0.00,38.0,38.0,0.00,2017-05-12 10:21:38,
23.7,24.1,0.00,38.0,38.0,0.00,2017-05-12 10:21:40,
23.7,24.1,0.00,38.0,38.0,0.00,2017-05-12 10:21:42,
23.7,24.1,0.00,38.0,38.0,0.00,2017-05-12 10:21:44,
23.7,24.1,0.00,38.0,38.0,0.00,2017-05-12 10:21:46,
23.7,24.1,0.00,38.0,38.0,0.00,2017-05-12 10:21:48,
23.7,24.1,0.00,38.0,38.0,0.00,2017-05-12 10:21:50,
23.7,24.1,0.00,38.0,38.0,0.00,2017-05-12 10:21:52,
23.7,24.1,0.00,38.0,38.0,0.00,2017-05-12 10:21:54,
23.7,24.1,0.00,38.0,38.0,0.00,2017-05-12 10:21:56,
23.7,24.1,0.00,38.0,38.0,0.00,2017-05-12 10:21:58,
23.7,24.1,0.00,38.0,38.0,0.00,2017-05-12 10:22:00,
23.7,24.1,0.00,38.0,38.0,0.00,2017-05-12 10:22:02,
23.7,24.1,0.00,38.0,38.0,0.00,2017-05-12 10:22:04,
23.7,24.1,0.00,38.0,38.0,0.00,2017-05-12 10:22:06,
23.7,24.0,0.00,38.0,38.0,0.00,2017-05-12 10:22:08,
23.7,24.0,0.00,38.0,38.0,0.00,2017-05-12 10:22:10,
